key,value
"Account # ","333 4444 5555 "
"Customer service: ","1.888.432.1000 "
"TDD/TTY users only: ","1.888.123.4567 "
"En Español: ","1.888.123.4568 "
"Total deposits and other additions ","$200.00 "
"Your Adv Plus Banking ","May 1, 2019 to May 31, 2019 "
"Account number: ","333 4444 5555 "
"Beginning balance on May 1, 2019 ","$25,000.00 "
"Deposits and other additions ","200.00 "
"Total withdrawals and other subtractions ","-$200.00 "
"Withdrawals and other subtractions ","-200.00 "
"Checks ","-0.00 "
"Service fees ","-0.00 "
"Ending balance on May 31, 2019 ","$25,000.00 "
