"Date ","Description ","Amount ",
"01/05/19 ","ATM Withdrawal ","-25.00 ",
"06/05/19 ","debit card payment 4747 STARBUCKS PLAZA BOTERO BT 1234567654532109875322 ","-10.49 ",
"11/05/19 ","ATM Withdrawal ","-25.00 ",
"17/05/19 ","Checkcard 2201 TOYSRUS 333-267-6947 BA 123456789012345 ","-89.51 ",
"22/05/19 ","Checkcard 2202 MACDONALDS 678-344-6314 BO 1338635736666635790652 ","-32.81 ",
"30/05/19 ","Payment Debit Card 4747 UNIVERSITY OF BOGOTA BO 1234567654532109875322 ","-17.19 ",
"Total ","withdrawals and other subtractions ","-$200.00 ",
